<?xml version="1.0" encoding="UTF-8" ?>
<!DOCTYPE mapper
  PUBLIC "-//mybatis.org//DTD Mapper 3.0//EN"
  "https://mybatis.org/dtd/mybatis-3-mapper.dtd">
<mapper namespace="com.ohmycar.mapper.BoardMapper">
	<select id="getList" resultType="com.ohmycar.domain.BoardVO">
		select * from mypage_tbl where userNum > 0 order by userNum desc
	</select>

	<insert id="insert">
		insert into mypage_tbl (userNum, userId, carId, carSellName, carName, carType)
		values (seq_board.nextval, #{userId}, #{carId}, #{carSellName}, #{carName}, #{carType})
	</insert>

	<insert id="insertSelectKey">
		<selectKey keyProperty="userNum" order="BEFORE"
			resultType="long">
			select seq_board.nextval from dual
		</selectKey>

		insert into mypage_tbl (userNum, userId, carId, carSellName, carName, carType)
		values (#{userNum}, #{userId},
		#{carId}, #{carSellName}, #{carName}, #{carType})
	</insert>

	<select id="read" resultType="com.ohmycar.domain.BoardVO">
		select * from mypage_tbl where
		userNum=#{userNum}
	</select>

	<delete id="delete">
		delete from mypage_tbl where userNum = #{userNum}
	</delete>

	<update id="update">
		update mypage_tbl
		set userId= #{userId},
		carId= #{carId},
		carSellName=
		#{carSellName},
		carName = #{carName},
		carType = #{carType},
		updateDate = sysdate
		where userNum=#{userNum}
	</update>
</mapper>